{
  "variables": {
    "houhpiMin": 0,
    "houhpiMax": 1
  },
  "color": [
    "case",
    [
      "==",
      [
        "band",
        1
      ],
      0
    ],
    [
      "color",
      0,
      0,
      0,
      0
    ],
    [
      "between",
      [
        "band",
        1
      ],
      [
        "var",
        "houhpiMin"
      ],
      [
        "var",
        "houhpiMax"
      ]
    ],
    [
      "interpolate",
      [
        "linear"
      ],
      [
        "band",
        1
      ],
      0,
      [
        255,
        255,
        255,
        1
      ],
      0.02564102564102564,
      [
        255,
        252,
        239,
        1
      ],
      0.05128205128205128,
      [
        255,
        249,
        223,
        1
      ],
      0.07692307692307693,
      [
        255,
        247,
        207,
        1
      ],
      0.10256410256410256,
      [
        255,
        244,
        191,
        1
      ],
      0.1282051282051282,
      [
        255,
        241,
        175,
        1
      ],
      0.15384615384615385,
      [
        255,
        238,
        159,
        1
      ],
      0.1794871794871795,
      [
        255,
        235,
        143,
        1
      ],
      0.20512820512820512,
      [
        255,
        233,
        128,
        1
      ],
      0.23076923076923075,
      [
        255,
        230,
        112,
        1
      ],
      0.2564102564102564,
      [
        255,
        227,
        96,
        1
      ],
      0.28205128205128205,
      [
        255,
        224,
        80,
        1
      ],
      0.3076923076923077,
      [
        255,
        221,
        64,
        1
      ],
      0.3333333333333333,
      [
        255,
        218,
        48,
        1
      ],
      0.358974358974359,
      [
        255,
        216,
        32,
        1
      ],
      0.3846153846153846,
      [
        255,
        213,
        16,
        1
      ],
      0.41025641025641024,
      [
        255,
        210,
        0,
        1
      ],
      0.4358974358974359,
      [
        253,
        191,
        0,
        1
      ],
      0.4615384615384615,
      [
        250,
        172,
        0,
        1
      ],
      0.48717948717948717,
      [
        248,
        153,
        0,
        1
      ],
      0.5128205128205128,
      [
        246,
        134,
        0,
        1
      ],
      0.5384615384615384,
      [
        244,
        115,
        0,
        1
      ],
      0.5641025641025641,
      [
        241,
        95,
        0,
        1
      ],
      0.5897435897435898,
      [
        239,
        76,
        0,
        1
      ],
      0.6153846153846154,
      [
        237,
        57,
        0,
        1
      ],
      0.641025641025641,
      [
        235,
        38,
        0,
        1
      ],
      0.6666666666666666,
      [
        232,
        19,
        0,
        1
      ],
      0.6923076923076923,
      [
        230,
        0,
        0,
        1
      ],
      0.717948717948718,
      [
        211,
        0,
        0,
        1
      ],
      0.7435897435897436,
      [
        192,
        0,
        0,
        1
      ],
      0.7692307692307692,
      [
        173,
        0,
        0,
        1
      ],
      0.7948717948717948,
      [
        153,
        0,
        0,
        1
      ],
      0.8205128205128205,
      [
        134,
        0,
        0,
        1
      ],
      0.8461538461538461,
      [
        115,
        0,
        0,
        1
      ],
      0.8717948717948718,
      [
        96,
        0,
        0,
        1
      ],
      0.8974358974358974,
      [
        77,
        0,
        0,
        1
      ],
      0.923076923076923,
      [
        58,
        0,
        0,
        1
      ],
      0.9487179487179487,
      [
        38,
        0,
        0,
        1
      ],
      0.9743589743589743,
      [
        19,
        0,
        0,
        1
      ],
      1,
      [
        0,
        0,
        0,
        1
      ]
    ],
    [
      "color",
      0,
      0,
      0,
      0
    ]
  ]
}